{"text": " Thanks to all, so that's the end, and hopefully it's not the last one we'll do, something like this. We've had a great success, so thanks to all, and you have contacts on everything to keep in touch in the future, so thank you.", "segments": [{"id": 0, "seek": 0, "start": 0.0, "end": 11.040000000000001, "text": " Thanks to all, so that's the end, and hopefully it's not the last one we'll do, something", "tokens": [2561, 281, 439, 11, 370, 300, 311, 264, 917, 11, 293, 4696, 309, 311, 406, 264, 1036, 472, 321, 603, 360, 11, 746], "temperature": 0.0, "avg_logprob": -0.3395936819223257, "compression_ratio": 1.5033112582781456, "no_speech_prob": 0.518532395362854}, {"id": 1, "seek": 0, "start": 11.040000000000001, "end": 12.040000000000001, "text": " like this.", "tokens": [411, 341, 13], "temperature": 0.0, "avg_logprob": -0.3395936819223257, "compression_ratio": 1.5033112582781456, "no_speech_prob": 0.518532395362854}, {"id": 2, "seek": 0, "start": 12.040000000000001, "end": 18.36, "text": " We've had a great success, so thanks to all, and you have contacts on everything to keep", "tokens": [492, 600, 632, 257, 869, 2245, 11, 370, 3231, 281, 439, 11, 293, 291, 362, 15836, 322, 1203, 281, 1066], "temperature": 0.0, "avg_logprob": -0.3395936819223257, "compression_ratio": 1.5033112582781456, "no_speech_prob": 0.518532395362854}, {"id": 3, "seek": 1836, "start": 18.36, "end": 28.96, "text": " in touch in the future, so thank you.", "tokens": [50364, 294, 2557, 294, 264, 2027, 11, 370, 1309, 291, 13, 50894], "temperature": 0.0, "avg_logprob": -0.25661123715914214, "compression_ratio": 0.8809523809523809, "no_speech_prob": 0.02379721589386463}], "language": "en"}