{"text": " Okay. Well, I think we're just about done. Okay. Oh, time's up? Okay. Well, I just want to say thank you, everyone, for being here today. And thank you for the last... First ever SBOMB DEVRUM. You've been part of it. And thank you for staying to the end for the last questions. Much appreciated.", "segments": [{"id": 0, "seek": 0, "start": 0.0, "end": 13.36, "text": " Okay. Well, I think we're just about done. Okay. Oh, time's up? Okay. Well, I just want", "tokens": [50364, 1033, 13, 1042, 11, 286, 519, 321, 434, 445, 466, 1096, 13, 1033, 13, 876, 11, 565, 311, 493, 30, 1033, 13, 1042, 11, 286, 445, 528, 51032], "temperature": 0.0, "avg_logprob": -0.3508131775674941, "compression_ratio": 1.4540229885057472, "no_speech_prob": 0.45140281319618225}, {"id": 1, "seek": 0, "start": 13.36, "end": 17.96, "text": " to say thank you, everyone, for being here today. And thank you for the last...", "tokens": [51032, 281, 584, 1309, 291, 11, 1518, 11, 337, 885, 510, 965, 13, 400, 1309, 291, 337, 264, 1036, 485, 51262], "temperature": 0.0, "avg_logprob": -0.3508131775674941, "compression_ratio": 1.4540229885057472, "no_speech_prob": 0.45140281319618225}, {"id": 2, "seek": 0, "start": 17.96, "end": 22.44, "text": " First ever SBOMB DEVRUM. You've been part of it. And thank you for staying to the end", "tokens": [51262, 2386, 1562, 26944, 5251, 33, 10113, 53, 49, 14340, 13, 509, 600, 668, 644, 295, 309, 13, 400, 1309, 291, 337, 7939, 281, 264, 917, 51486], "temperature": 0.0, "avg_logprob": -0.3508131775674941, "compression_ratio": 1.4540229885057472, "no_speech_prob": 0.45140281319618225}, {"id": 3, "seek": 2244, "start": 22.44, "end": 24.880000000000003, "text": " for the last questions. Much appreciated.", "tokens": [50366, 337, 264, 1036, 1651, 13, 12313, 17169, 13, 50486], "temperature": 0.0, "avg_logprob": -0.6249466809359464, "compression_ratio": 0.8367346938775511, "no_speech_prob": 0.7125545740127563}], "language": "en"}