{"text": " Thanks for sticking so long with us they are still chocolate over here please empty this bowl otherwise I have to eat it we don't want that I don't know maybe maybe you want this", "segments": [{"id": 0, "seek": 0, "start": 0.0, "end": 16.28, "text": " Thanks for sticking so long with us they are still chocolate over here please empty", "tokens": [2561, 337, 13465, 370, 938, 365, 505, 436, 366, 920, 6215, 670, 510, 1767, 6707], "temperature": 0.0, "avg_logprob": -0.34189064502716066, "compression_ratio": 1.3553719008264462, "no_speech_prob": 0.32044222950935364}, {"id": 1, "seek": 0, "start": 16.28, "end": 25.0, "text": " this bowl otherwise I have to eat it we don't want that I don't know maybe maybe", "tokens": [341, 6571, 5911, 286, 362, 281, 1862, 309, 321, 500, 380, 528, 300, 286, 500, 380, 458, 1310, 1310], "temperature": 0.0, "avg_logprob": -0.34189064502716066, "compression_ratio": 1.3553719008264462, "no_speech_prob": 0.32044222950935364}, {"id": 2, "seek": 2500, "start": 25.0, "end": 31.0, "text": " you want this", "tokens": [50364, 291, 528, 341, 50664], "temperature": 0.0, "avg_logprob": -0.6460352341334025, "compression_ratio": 0.6190476190476191, "no_speech_prob": 0.0006946781650185585}], "language": "en"}